##var,id,prefab_id,biomes,weather,periods,weight,min_scale,max_scale
##type,string,string,"(list#sep=|),Biome","(list#sep=|),Weather","(list#sep=|),DayPeriod",float,float,float
##,数字字符串编号,预制体键,地形,天气仅在生成时筛选,时段仅在生成时筛选,相对权重,固定占地为1,固定占地为1
,101,city_apartment_03,City,*,*,3,1,1
,102,city_office_05,City,*,*,3,1,1
,103,city_corner_shop,City,*,*,3,1,1
,104,city_apartment_04,City,*,*,3,1,1
,105,city_house_02,City,*,*,3,1,1
,106,city_mixed_03,City,*,*,3,1,1
,107,coast_apartment_03,Coast,*,*,3,1,1
,108,coast_office_05,Coast,*,*,3,1,1
,109,coast_corner_shop,Coast,*,*,3,1,1
,110,coast_apartment_04,Coast,*,*,3,1,1
,111,coast_house_02,Coast,*,*,3,1,1
,112,coast_mixed_03,Coast,*,*,3,1,1
,113,desert_apartment_03,Desert,*,*,3,1,1
,114,desert_office_05,Desert,*,*,3,1,1
,115,desert_corner_shop,Desert,*,*,3,1,1
,116,desert_apartment_04,Desert,*,*,3,1,1
,117,desert_house_02,Desert,*,*,3,1,1
,118,desert_mixed_03,Desert,*,*,3,1,1
