"code","legacyCode","name","category","id","prefab"
"RES-APT-001","A01","紧凑公寓","RES-APT","132","OnAir/Assets/Prefabs/Buildings/Residential/Review01/A01_CompactApartment.prefab"
"RES-APT-002","A02","窄面公寓","RES-APT","135","OnAir/Assets/Prefabs/Buildings/Residential/Review01/A02_NarrowApartment.prefab"
"RES-APT-003","A03","长条公寓","RES-APT","133","OnAir/Assets/Prefabs/Buildings/Residential/Review01/A03_LongApartment.prefab"
"RES-APT-004","A04","深进深公寓","RES-APT","136","OnAir/Assets/Prefabs/Buildings/Residential/Review01/A04_DeepAccessApartment.prefab"
"RES-APT-005","A05","街角公寓","RES-APT","134","OnAir/Assets/Prefabs/Buildings/Residential/Review01/A05_CornerApartment.prefab"
"RES-APT-006","A06","外廊老公寓","RES-APT","137","OnAir/Assets/Prefabs/Buildings/Residential/Review01/A06_OlderGalleryApartment.prefab"
"RES-APT-007","A07","现代公寓","RES-APT","138","OnAir/Assets/Prefabs/Buildings/Residential/Review01/A07_ModernApartment.prefab"
"RES-APT-008","A08","庭院公寓","RES-APT","139","OnAir/Assets/Prefabs/Buildings/Residential/Review01/A08_CourtyardApartment.prefab"
"RES-APT-009","A09","退台公寓","RES-APT","140","OnAir/Assets/Prefabs/Buildings/Residential/Review01/A09_TerracedApartment.prefab"
"RES-APT-010","A10","砖色公寓","RES-APT","141","OnAir/Assets/Prefabs/Buildings/Residential/Review01/A10_BrownBrickApartment.prefab"
"RES-LOW-001","B01","外廊出租住宅","RES-LOW","142","OnAir/Assets/Prefabs/Buildings/Residential/Review02/B01_GalleryRental.prefab"
"RES-LOW-002","B02","现代低层住宅","RES-LOW","143","OnAir/Assets/Prefabs/Buildings/Residential/Review02/B02_ModernRental.prefab"
"RES-LOW-003","B03","窄地块集合住宅","RES-LOW","144","OnAir/Assets/Prefabs/Buildings/Residential/Review02/B03_NarrowConcrete.prefab"
"RES-LOW-004","B04","瓦顶集合住宅","RES-LOW","145","OnAir/Assets/Prefabs/Buildings/Residential/Review02/B04_TileApartment.prefab"
"RES-LOW-005","B05","庭院集合住宅","RES-LOW","146","OnAir/Assets/Prefabs/Buildings/Residential/Review02/B05_CourtyardRental.prefab"
"RES-LOW-006","B06","街角出租住宅","RES-LOW","147","OnAir/Assets/Prefabs/Buildings/Residential/Review02/B06_CornerRental.prefab"
"RES-DET-001","C01","传统一户建","RES-DET","148","OnAir/Assets/Prefabs/Buildings/Residential/Review03/C01_TraditionalHouse.prefab"
"RES-DET-002","C02","灰绿一户建","RES-DET","149","OnAir/Assets/Prefabs/Buildings/Residential/Review03/C02_SageHouse.prefab"
"RES-DET-003","C03","窄面车库住宅","RES-DET","150","OnAir/Assets/Prefabs/Buildings/Residential/Review03/C03_NarrowGarageHouse.prefab"
"RES-DET-004","C04","木饰面住宅","RES-DET","151","OnAir/Assets/Prefabs/Buildings/Residential/Review03/C04_TimberHouse.prefab"
"RES-ROW-001","C05","三户长屋","RES-ROW","152","OnAir/Assets/Prefabs/Buildings/Residential/Review03/C05_ModernNagaya.prefab"
"RES-DET-005","C06","街角一户建","RES-DET","153","OnAir/Assets/Prefabs/Buildings/Residential/Review03/C06_CornerHouse.prefab"
"COM-FOOD-001","D01","居酒屋","COM-FOOD","154","OnAir/Assets/Prefabs/Buildings/Commercial/D01_Izakaya.prefab"
"COM-SHOP-001","D02","街角便利店","COM-SHOP","155","OnAir/Assets/Prefabs/Buildings/Commercial/D02_CornerConvenience.prefab"
"COM-FOOD-002","D03","喫茶店","COM-FOOD","156","OnAir/Assets/Prefabs/Buildings/Commercial/D03_Kissaten.prefab"
"PUB-MED-001","D04","社区诊所","PUB-MED","157","OnAir/Assets/Prefabs/Buildings/Commercial/D04_CommunityClinic.prefab"
"COM-FOOD-003","D05","寿司餐厅","COM-FOOD","158","OnAir/Assets/Prefabs/Buildings/Commercial/D05_SushiRestaurant.prefab"
"COM-MIX-001","D06","商住混合楼","COM-MIX","159","OnAir/Assets/Prefabs/Buildings/Commercial/D06_MixedShopHouse.prefab"
"COM-OFF-001","E01","窄面办公楼","COM-OFF","",""
"COM-OFF-002","E02","老式窗带办公楼","COM-OFF","",""
"COM-OFF-003","E03","街角办公楼","COM-OFF","",""
"COM-OFF-004","E04","退台办公楼","COM-OFF","",""
"COM-MALL-001","E05","街区小百货","COM-MALL","",""
"COM-MALL-002","E06","社区商业综合体","COM-MALL","",""
"RES-DET-006","","梯形顶层住宅","RES-DET","160","OnAir/Assets/Prefabs/Buildings/Residential/ReferenceHomes/RES-DET-006_CompactDormer.prefab"
"RES-DET-007","","传统院墙住宅","RES-DET","161","OnAir/Assets/Prefabs/Buildings/Residential/ReferenceHomes/RES-DET-007_TraditionalCompound.prefab"
"RES-LOW-007","","长条平房集合住宅","RES-LOW","162","OnAir/Assets/Prefabs/Buildings/Residential/ReferenceHomes/RES-LOW-007_LongRental.prefab"
"RES-DET-008","","木构小住宅","RES-DET","163","OnAir/Assets/Prefabs/Buildings/Residential/ReferenceHomes/RES-DET-008_TimberHouse.prefab"
"RES-LOW-008","","倒角街角集合住宅","RES-LOW","164","OnAir/Assets/Prefabs/Buildings/Residential/ReferenceHomes/RES-LOW-008_CornerApartment.prefab"
"COM-SHOP-002","","红白电器看板楼","COM-SHOP","165","OnAir/Assets/Prefabs/Buildings/Commercial/AkibaShapeRevision/COM-SHOP-002_R02.prefab"
"COM-SHOP-003","","窄面多租户商业楼","COM-SHOP","166","OnAir/Assets/Prefabs/Buildings/Commercial/AkibaShapeRevision/COM-SHOP-003_R02.prefab"
"COM-MALL-003","","横幅看板音像商场","COM-MALL","167","OnAir/Assets/Prefabs/Buildings/Commercial/AkibaShapeRevision/COM-MALL-003_R02.prefab"
"COM-MALL-004","","薄荷绿兴趣商场","COM-MALL","168","OnAir/Assets/Prefabs/Buildings/Commercial/AkibaShapeRevision/COM-MALL-004_R02.prefab"
"COM-MALL-005","","红白与黄蓝双楼商业组","COM-MALL","169","OnAir/Assets/Prefabs/Buildings/Commercial/AkibaShapeRevision/COM-MALL-005_R02.prefab"
"DEC-SIGN-001","","电玩角色海报","DEC-SIGN","",""
"DEC-SIGN-002","","音像专辑海报","DEC-SIGN","",""
"DEC-SIGN-003","","电子卖场广告","DEC-SIGN","",""
"DEC-SIGN-004","","模型兴趣广告","DEC-SIGN","",""
"DEC-SIGN-005","","街区广播广告","DEC-SIGN","",""
"DEC-SIGN-006","","动画上映海报","DEC-SIGN","",""
"COM-MALL-006","","错层广告商业综合体","COM-MALL","170","OnAir/Assets/Prefabs/Buildings/Commercial/Highrise/COM-MALL-006.prefab"
"COM-MALL-007","","白色屋顶广告塔商业楼","COM-MALL","171","OnAir/Assets/Prefabs/Buildings/Commercial/Highrise/COM-MALL-007.prefab"
"COM-MALL-008","","蓝灰倒角大屏商业楼","COM-MALL","172","OnAir/Assets/Prefabs/Buildings/Commercial/Highrise/COM-MALL-008.prefab"
"COM-OFF-005","","棕灰屋顶框架办公塔","COM-OFF","173","OnAir/Assets/Prefabs/Buildings/Commercial/Highrise/COM-OFF-005.prefab"
"COM-OFF-007","","浅鼠尾草竖牌租户楼","COM-OFF","174","OnAir/Assets/Prefabs/Buildings/Commercial/Highrise/COM-OFF-007.prefab"
"COM-OFF-006","","暖灰棕横窗带办公楼","COM-OFF","175","OnAir/Assets/Prefabs/Buildings/Commercial/Highrise/COM-OFF-006.prefab"
"DEC-SCREEN-001","","商业LED三主题动画轮播","DEC-SCREEN","",""
"PUB-SHR-001","","微型社区神社","PUB-SHR","176","OnAir/Assets/Prefabs/Environment/CityLife/PUB-SHR-001.prefab"
"ENV-PARK-001","","口袋公园","ENV-PARK","177","OnAir/Assets/Prefabs/Environment/CityLife/ENV-PARK-001.prefab"
"ENV-PARK-002","","社区篮球场","ENV-PARK","178","OnAir/Assets/Prefabs/Environment/CityLife/ENV-PARK-002.prefab"
"ENV-PARK-003","","小型足球练习场","ENV-PARK","179","OnAir/Assets/Prefabs/Environment/CityLife/ENV-PARK-003.prefab"
"PUB-SHR-002","","木构高台寺院庭院","PUB-SHR","180","OnAir/Assets/Prefabs/Environment/CityLife/PUB-SHR-002.prefab"
"TRN-VEH-001","","低模小汽车","TRN-VEH","","OnAir/Assets/Scripts/World/CityTraffic.cs"
