"code","name","category","id","weight","status","image","prefab","description","legacyCode","productionBatch","group","displayName","lighting"
"RES-APT-001","紧凑公寓","RES-APT","132","2.3","已入池","Thumbnails/RES-APT-001.png","OnAir/Assets/Prefabs/Buildings/Residential/Review01/A01_CompactApartment.prefab","3–7层多户住宅；阳台、外廊、层间节奏清晰。 4层；主体9×7.4米；地块9.38×9.7米；总高12.26米。","A01","A","RES","RES-APT-001 紧凑公寓","源模型窗户标注＋四向稳定窗户ID；保留现有随机亮灯逻辑"
"RES-APT-002","窄面公寓","RES-APT","135","1.4","已入池","Thumbnails/RES-APT-002.png","OnAir/Assets/Prefabs/Buildings/Residential/Review01/A02_NarrowApartment.prefab","3–7层多户住宅；阳台、外廊、层间节奏清晰。 5层；主体5.25×11.25米；地块5.71×13.73米；总高15.04米。","A02","A","RES","RES-APT-002 窄面公寓","源模型窗户标注＋四向稳定窗户ID；保留现有随机亮灯逻辑"
"RES-APT-003","长条公寓","RES-APT","133","2.4","已入池","Thumbnails/RES-APT-003.png","OnAir/Assets/Prefabs/Buildings/Residential/Review01/A03_LongApartment.prefab","3–7层多户住宅；阳台、外廊、层间节奏清晰。 6层；主体19.5×6.5米；地块25.34×11.7米；总高17.57米。","A03","A","RES","RES-APT-003 长条公寓","源模型窗户标注＋四向稳定窗户ID；保留现有随机亮灯逻辑"
"RES-APT-004","深进深公寓","RES-APT","136","1.8","已入池","Thumbnails/RES-APT-004.png","OnAir/Assets/Prefabs/Buildings/Residential/Review01/A04_DeepAccessApartment.prefab","3–7层多户住宅；阳台、外廊、层间节奏清晰。 5层；主体6.8×13.5米；地块12×19.34米；总高15.04米。","A04","A","RES","RES-APT-004 深进深公寓","源模型窗户标注＋四向稳定窗户ID；保留现有随机亮灯逻辑"
"RES-APT-005","街角公寓","RES-APT","134","1","已入池","Thumbnails/RES-APT-005.png","OnAir/Assets/Prefabs/Buildings/Residential/Review01/A05_CornerApartment.prefab","3–7层多户住宅；阳台、外廊、层间节奏清晰。 6层；主体10.8×10.8米；地块13.1×13.1米；总高17.57米。","A05","A","RES","RES-APT-005 街角公寓","源模型窗户标注＋四向稳定窗户ID；保留现有随机亮灯逻辑"
"RES-APT-006","外廊老公寓","RES-APT","137","2.1","已入池","Thumbnails/RES-APT-006.png","OnAir/Assets/Prefabs/Buildings/Residential/Review01/A06_OlderGalleryApartment.prefab","3–7层多户住宅；阳台、外廊、层间节奏清晰。 4层；主体15×6米；地块20.84×11.2米；总高12.39米。","A06","A","RES","RES-APT-006 外廊老公寓","外廊正面主要是实心门；侧面和背面有窗户标注，正面不强行改成亮窗。"
"RES-APT-007","现代公寓","RES-APT","138","1","已入池","Thumbnails/RES-APT-007.png","OnAir/Assets/Prefabs/Buildings/Residential/Review01/A07_ModernApartment.prefab","3–7层多户住宅；阳台、外廊、层间节奏清晰。 7层；主体9×8.5米；地块9.46×10.98米；总高20.34米。","A07","A","RES","RES-APT-007 现代公寓","源模型窗户标注＋四向稳定窗户ID；保留现有随机亮灯逻辑"
"RES-APT-008","庭院公寓","RES-APT","139","0.9","已入池","Thumbnails/RES-APT-008.png","OnAir/Assets/Prefabs/Buildings/Residential/Review01/A08_CourtyardApartment.prefab","3–7层多户住宅；阳台、外廊、层间节奏清晰。 5层；主体14.25×12.75米；地块14.71×13.21米；总高15.11米。","A08","A","RES","RES-APT-008 庭院公寓","源模型窗户标注＋四向稳定窗户ID；保留现有随机亮灯逻辑"
"RES-APT-009","退台公寓","RES-APT","140","1.1","已入池","Thumbnails/RES-APT-009.png","OnAir/Assets/Prefabs/Buildings/Residential/Review01/A09_TerracedApartment.prefab","3–7层多户住宅；阳台、外廊、层间节奏清晰。 6层；主体13.5×9米；地块13.96×11.48米；总高17.78米。","A09","A","RES","RES-APT-009 退台公寓","源模型窗户标注＋四向稳定窗户ID；保留现有随机亮灯逻辑"
"RES-APT-010","砖色公寓","RES-APT","141","1.2","已入池","Thumbnails/RES-APT-010.png","OnAir/Assets/Prefabs/Buildings/Residential/Review01/A10_BrownBrickApartment.prefab","3–7层多户住宅；阳台、外廊、层间节奏清晰。 4层；主体12×8.25米；地块12.55×10.73米；总高12.39米。","A10","A","RES","RES-APT-010 砖色公寓","源模型窗户标注＋四向稳定窗户ID；保留现有随机亮灯逻辑"
"RES-LOW-001","外廊出租住宅","RES-LOW","142","0.6","已入池","Thumbnails/RES-LOW-001.png","OnAir/Assets/Prefabs/Buildings/Residential/Review02/B01_GalleryRental.prefab","2–4层集合住宅；与独栋共享人体尺度，完整计入楼梯和院落。 2层；主体13.5×5.25米；地块15.62×7.23米；总高6.96米。","B01","B","RES","RES-LOW-001 外廊出租住宅","源模型窗户标注＋四向稳定窗户ID；保留现有随机亮灯逻辑"
"RES-LOW-002","现代低层住宅","RES-LOW","143","0.45","已入池","Thumbnails/RES-LOW-002.png","OnAir/Assets/Prefabs/Buildings/Residential/Review02/B02_ModernRental.prefab","2–4层集合住宅；与独栋共享人体尺度，完整计入楼梯和院落。 2层；主体8.25×6.75米；地块11.64×8.38米；总高6.71米。","B02","B","RES","RES-LOW-002 现代低层住宅","源模型窗户标注＋四向稳定窗户ID；保留现有随机亮灯逻辑"
"RES-LOW-003","窄地块集合住宅","RES-LOW","144","0.45","已入池","Thumbnails/RES-LOW-003.png","OnAir/Assets/Prefabs/Buildings/Residential/Review02/B03_NarrowConcrete.prefab","2–4层集合住宅；与独栋共享人体尺度，完整计入楼梯和院落。 3层；主体5.25×10.5米；地块5.71×11.97米；总高8.73米。","B03","B","RES","RES-LOW-003 窄地块集合住宅","源模型窗户标注＋四向稳定窗户ID；保留现有随机亮灯逻辑"
"RES-LOW-004","瓦顶集合住宅","RES-LOW","145","0.45","已入池","Thumbnails/RES-LOW-004.png","OnAir/Assets/Prefabs/Buildings/Residential/Review02/B04_TileApartment.prefab","2–4层集合住宅；与独栋共享人体尺度，完整计入楼梯和院落。 3层；主体12.75×6.75米；地块13.21×8.22米；总高9.76米。","B04","B","RES","RES-LOW-004 瓦顶集合住宅","源模型窗户标注＋四向稳定窗户ID；保留现有随机亮灯逻辑"
"RES-LOW-005","庭院集合住宅","RES-LOW","146","0.55","已入池","Thumbnails/RES-LOW-005.png","OnAir/Assets/Prefabs/Buildings/Residential/Review02/B05_CourtyardRental.prefab","2–4层集合住宅；与独栋共享人体尺度，完整计入楼梯和院落。 2层；主体12×9.75米；地块12.88×10.63米；总高6.81米。","B05","B","RES","RES-LOW-005 庭院集合住宅","源模型窗户标注＋四向稳定窗户ID；保留现有随机亮灯逻辑"
"RES-LOW-006","街角出租住宅","RES-LOW","147","0.7","已入池","Thumbnails/RES-LOW-006.png","OnAir/Assets/Prefabs/Buildings/Residential/Review02/B06_CornerRental.prefab","2–4层集合住宅；与独栋共享人体尺度，完整计入楼梯和院落。 3层；主体9×8.25米；地块10.38×9.63米；总高8.78米。","B06","B","RES","RES-LOW-006 街角出租住宅","源模型窗户标注＋四向稳定窗户ID；保留现有随机亮灯逻辑"
"RES-DET-001","传统一户建","RES-DET","148","1.8","已入池","Thumbnails/RES-DET-001.png","OnAir/Assets/Prefabs/Buildings/Residential/Review03/C01_TraditionalHouse.prefab","2–3层住宅；C05为三户整体，其余为单户。 2层；主体4.5×5.25米；地块5.46×7.39米；总高6.64米。","C01","C","RES","RES-DET-001 传统一户建","源模型窗户标注＋四向稳定窗户ID；保留现有随机亮灯逻辑"
"RES-DET-002","灰绿一户建","RES-DET","149","1.8","已入池","Thumbnails/RES-DET-002.png","OnAir/Assets/Prefabs/Buildings/Residential/Review03/C02_SageHouse.prefab","2–3层住宅；C05为三户整体，其余为单户。 2层；主体4.25×6米；地块5.21×8.06米；总高6.51米。","C02","C","RES","RES-DET-002 灰绿一户建","源模型窗户标注＋四向稳定窗户ID；保留现有随机亮灯逻辑"
"RES-DET-003","窄面车库住宅","RES-DET","150","1.4","已入池","Thumbnails/RES-DET-003.png","OnAir/Assets/Prefabs/Buildings/Residential/Review03/C03_NarrowGarageHouse.prefab","2–3层住宅；C05为三户整体，其余为单户。 3层；主体3.75×7.5米；地块4.39×8.95米；总高8.6米。","C03","C","RES","RES-DET-003 窄面车库住宅","源模型窗户标注＋四向稳定窗户ID；保留现有随机亮灯逻辑"
"RES-DET-004","木饰面住宅","RES-DET","151","1.5","已入池","Thumbnails/RES-DET-004.png","OnAir/Assets/Prefabs/Buildings/Residential/Review03/C04_TimberHouse.prefab","2–3层住宅；C05为三户整体，其余为单户。 2层；主体4.5×5.5米；地块5.46×7.64米；总高6.64米。","C04","C","RES","RES-DET-004 木饰面住宅","源模型窗户标注＋四向稳定窗户ID；保留现有随机亮灯逻辑"
"RES-ROW-001","三户长屋","RES-ROW","152","2.1","已入池","Thumbnails/RES-ROW-001.png","OnAir/Assets/Prefabs/Buildings/Residential/Review03/C05_ModernNagaya.prefab","2–3层住宅；C05为三户整体，其余为单户。 2层；主体9.75×6.05米；地块10.39×7.99米；总高6.37米。","C05","C","RES","RES-ROW-001 三户长屋","源模型窗户标注＋四向稳定窗户ID；保留现有随机亮灯逻辑"
"RES-DET-005","街角一户建","RES-DET","153","1.6","已入池","Thumbnails/RES-DET-005.png","OnAir/Assets/Prefabs/Buildings/Residential/Review03/C06_CornerHouse.prefab","2–3层住宅；C05为三户整体，其余为单户。 2层；主体4.5×5米；地块5.46×7.36米；总高6.64米。","C06","C","RES","RES-DET-005 街角一户建","源模型窗户标注＋四向稳定窗户ID；保留现有随机亮灯逻辑"
"COM-FOOD-001","居酒屋","COM-FOOD","154","0.75","已入池","Thumbnails/COM-FOOD-001.png","OnAir/Assets/Prefabs/Buildings/Commercial/D01_Izakaya.prefab","2层日式木造居酒屋；全瓦色四坡屋顶、深木色一层、暖米色上层、分片暖帘及红灯笼。住宅部分层高2.65米。","D01","D","COM","COM-FOOD-001 居酒屋","红色灯笼按本色夜间自发光；窗户独立随机点亮。"
"COM-SHOP-001","街角便利店","COM-SHOP","155","0.6","已入池","Thumbnails/COM-SHOP-001.png","OnAir/Assets/Prefabs/Buildings/Commercial/D02_CornerConvenience.prefab","1层宽体量街角便利店；平屋顶、两面通透店窗、灰绿与米色环绕招牌带、集中屋顶设备。","D02","D","COM","COM-SHOP-001 街角便利店","绿色、米黄色招牌带按本色夜间自发光；玻璃窗独立随机点亮。"
"COM-FOOD-002","喫茶店","COM-FOOD","156","0.65","已入池","Thumbnails/COM-FOOD-002.png","OnAir/Assets/Prefabs/Buildings/Commercial/D03_Kissaten.prefab","2层昭和喫茶店；后退上层、前部露台矮墙、宽酒红雨棚、胡桃木店面与大橱窗。","D03","D","COM","COM-FOOD-002 喫茶店","源模型窗户标注＋四向稳定窗户ID；保留现有随机亮灯逻辑"
"PUB-MED-001","社区诊所","PUB-MED","157","0.4","已入池","Thumbnails/PUB-MED-001.png","OnAir/Assets/Prefabs/Buildings/Commercial/D04_CommunityClinic.prefab","3层社区诊所；象牙白主体、独立蓝灰楼梯塔、横向窗带、入口雨棚和医疗标识。目录归公共医疗，历史运行抽选仍属Shop。","D04","D","PUB","PUB-MED-001 社区诊所","源模型窗户标注＋四向稳定窗户ID；保留现有随机亮灯逻辑"
"COM-FOOD-003","寿司餐厅","COM-FOOD","158","0.5","已制作，待实景验收","Thumbnails/COM-FOOD-003.png","OnAir/Assets/Prefabs/Buildings/Commercial/D05_SushiRestaurant.prefab","沿街店面与入口必须可读；依确认方案制作，不以新增款数提高商店总量。","D05","D","COM","COM-FOOD-003 寿司餐厅","源模型窗户标注＋四向稳定窗户ID；保留现有随机亮灯逻辑"
"COM-MIX-001","商住混合楼","COM-MIX","159","0.6","已制作，待实景验收","Thumbnails/COM-MIX-001.png","OnAir/Assets/Prefabs/Buildings/Commercial/D06_MixedShopHouse.prefab","沿街店面与入口必须可读；依确认方案制作，不以新增款数提高商店总量。","D06","D","COM","COM-MIX-001 商住混合楼","源模型窗户标注＋四向稳定窗户ID；保留现有随机亮灯逻辑"
"COM-OFF-001","窄面办公楼","COM-OFF","","0","规划中","","","窄面6层办公；竖向窄招牌、暖灰白石材，突出细长窗带。 建议E类别内份额25%，尚未接入。","E01","E","COM","COM-OFF-001 窄面办公楼",
"COM-OFF-002","老式窗带办公楼","COM-OFF","","0","规划中","","","老式8层办公；砂米色墙面、水平窗带和简洁屋顶设备。 建议E类别内份额20%，尚未接入。","E02","E","COM","COM-OFF-002 老式窗带办公楼",
"COM-OFF-003","街角办公楼","COM-OFF","","0","规划中","","","街角6层办公；转角入口、浅陶砖立面和低层店面。 建议E类别内份额15%，尚未接入。","E03","E","COM","COM-OFF-003 街角办公楼",
"COM-OFF-004","退台办公楼","COM-OFF","","0","规划中","","","退台7层办公；下部宽、上部退台，灰绿饰面与平台。 建议E类别内份额15%，尚未接入。","E04","E","COM","COM-OFF-004 退台办公楼",
"COM-MALL-001","街区小百货","COM-MALL","","0","规划中","","","5层小百货；宽基座、大入口及少量彩色招牌，不做住宅式重复阳台。 建议E类别内份额15%，尚未接入。","E05","E","COM","COM-MALL-001 街区小百货",
"COM-MALL-002","社区商业综合体","COM-MALL","","0","规划中","","","3层社区商业综合体；横向店面组合、暖白与木棕，屋顶设备集中。 建议E类别内份额10%，尚未接入。","E06","E","COM","COM-MALL-002 社区商业综合体",
"RES-DET-006","梯形顶层住宅","RES-DET","160","0.6","已入池","Thumbnails/RES-DET-006.png","OnAir/Assets/Prefabs/Buildings/Residential/ReferenceHomes/RES-DET-006_CompactDormer.prefab","三层住宅：下部两层方正楼体，上部完整2.65米层高的斜削梯形体量，暖红侧面、平顶与前部窗台。主体下部4.25×5.75米，统一人体与像素尺度。","","ReferenceHomes","RES","RES-DET-006 梯形顶层住宅","源模型窗户标注＋四向稳定窗户ID；保留现有随机亮灯逻辑"
"RES-DET-007","传统院墙住宅","RES-DET","161","0.6","已入池","Thumbnails/RES-DET-007.png","OnAir/Assets/Prefabs/Buildings/Residential/ReferenceHomes/RES-DET-007_TraditionalCompound.prefab","两层传统瓦顶，木色底层、侧翼与院墙，主体5×5.5米。 层高2.65米、4 PPU；已验收入池。 参考位置：第一排第4个。","","ReferenceHomes","RES","RES-DET-007 传统院墙住宅","源模型窗户标注＋四向稳定窗户ID；保留现有随机亮灯逻辑"
"RES-LOW-007","长条平房集合住宅","RES-LOW","162","0.4","已入池","Thumbnails/RES-LOW-007.png","OnAir/Assets/Prefabs/Buildings/Residential/ReferenceHomes/RES-LOW-007_LongRental.prefab","单层长条集合住宅，连续屋檐与四组独立入口，主体10×4.75米。参考图也可能是车库或作业间，本项目转译为住宅，不复刻汽车。 层高2.65米、4 PPU；已验收入池。 参考位置：第一排第5个。","","ReferenceHomes","RES","RES-LOW-007 长条平房集合住宅","源模型窗户标注＋四向稳定窗户ID；保留现有随机亮灯逻辑"
"RES-DET-008","木构小住宅","RES-DET","163","0.6","已入池","Thumbnails/RES-DET-008.png","OnAir/Assets/Prefabs/Buildings/Residential/ReferenceHomes/RES-DET-008_TimberHouse.prefab","两层白墙木构住宅：正面与侧面棕色柱梁、宽瓦檐、低檐门廊及入口木柱；主体4.25×4.75米，层高2.65米。","","ReferenceHomes","RES","RES-DET-008 木构小住宅","源模型窗户标注＋四向稳定窗户ID；保留现有随机亮灯逻辑"
"RES-LOW-008","倒角街角集合住宅","RES-LOW","164","0.4","已入池","Thumbnails/RES-LOW-008.png","OnAir/Assets/Prefabs/Buildings/Residential/ReferenceHomes/RES-LOW-008_CornerApartment.prefab","三层街角倒角集合住宅：基础、楼体、平屋顶与女儿墙沿同一45°切角，斜面阳台与双侧窗户，集中屋顶设备。主体8×6.5米、层高2.65米。","","ReferenceHomes","RES","RES-LOW-008 倒角街角集合住宅","源模型窗户标注＋四向稳定窗户ID；保留现有随机亮灯逻辑"
"COM-SHOP-002","红白电器看板楼","COM-SHOP","165","8","已入池","Thumbnails/COM-SHOP-002.png","OnAir/Assets/Prefabs/Buildings/Commercial/AkibaShapeRevision/COM-SHOP-002_R02.prefab","红白电器楼：封闭广告立面、局部横窗、四面屋顶看板、红色雨棚与店前陈列。 4 PPU；已接入城市生成，等待游戏实景体验反馈。","","AkibaCommercial","COM","COM-SHOP-002 红白电器看板楼","随机窗户保持原逻辑；看板本色亮灯；独立射灯照明遮罩。"
"COM-SHOP-003","窄面多租户商业楼","COM-SHOP","166","8","已入池","Thumbnails/COM-SHOP-003.png","OnAir/Assets/Prefabs/Buildings/Commercial/AkibaShapeRevision/COM-SHOP-003_R02.prefab","前矮后高两栋紧贴的租户楼：独立体块、差异窗带、背面服务平台、四面屋顶招牌。 4 PPU；已接入城市生成，等待游戏实景体验反馈。","","AkibaCommercial","COM","COM-SHOP-003 窄面多租户商业楼","随机窗户保持原逻辑；看板本色亮灯；独立射灯照明遮罩。"
"COM-MALL-003","横幅看板音像商场","COM-MALL","167","8","已入池","Thumbnails/COM-MALL-003.png","OnAir/Assets/Prefabs/Buildings/Commercial/AkibaShapeRevision/COM-MALL-003_R02.prefab","宽体商业楼：大横幅广告墙、后部退台与设备房、宽雨棚下陈列柜及售卖台。 4 PPU；已接入城市生成，等待游戏实景体验反馈。","","AkibaCommercial","COM","COM-MALL-003 横幅看板音像商场","随机窗户保持原逻辑；看板本色亮灯；独立射灯照明遮罩。"
"COM-MALL-004","薄荷绿兴趣商场","COM-MALL","168","8","已入池","Thumbnails/COM-MALL-004.png","OnAir/Assets/Prefabs/Buildings/Commercial/AkibaShapeRevision/COM-MALL-004_R02.prefab","浅色兴趣商场：竖向壁柱和目录广告；钢色四边屋顶框架，无斜梁，四面广告完整。 4 PPU；已接入城市生成，等待游戏实景体验反馈。","","AkibaCommercial","COM","COM-MALL-004 薄荷绿兴趣商场","随机窗户保持原逻辑；看板本色亮灯；独立射灯照明遮罩。"
"COM-MALL-005","红白与黄蓝双楼商业组","COM-MALL","169","8","已入池","Thumbnails/COM-MALL-005.png","OnAir/Assets/Prefabs/Buildings/Commercial/AkibaShapeRevision/COM-MALL-005_R02.prefab","灰绿与黄蓝双楼组合：不同高度、不同窗墙布局、独立入口及雨棚、四面屋顶广告框架。 4 PPU；已接入城市生成，等待游戏实景体验反馈。","","AkibaCommercial","COM","COM-MALL-005 红白与黄蓝双楼商业组","随机窗户保持原逻辑；看板本色亮灯；独立射灯照明遮罩。"
"DEC-SIGN-001","电玩角色海报","DEC-SIGN","","0","待效果图验收","Thumbnails/DEC-SIGN-001.png","","独立40×32原生像素广告内容；按安装区以统一4 PPU重新布局，可换内容而不改变建筑编号。","","AkibaCommercial","DEC","DEC-SIGN-001 电玩角色海报","招牌本色；外照明强弱来自看板射灯遮罩"
"DEC-SIGN-002","音像专辑海报","DEC-SIGN","","0","待效果图验收","Thumbnails/DEC-SIGN-002.png","","独立40×32原生像素广告内容；按安装区以统一4 PPU重新布局，可换内容而不改变建筑编号。","","AkibaCommercial","DEC","DEC-SIGN-002 音像专辑海报","招牌本色；外照明强弱来自看板射灯遮罩"
"DEC-SIGN-003","电子卖场广告","DEC-SIGN","","0","待效果图验收","Thumbnails/DEC-SIGN-003.png","","独立40×32原生像素广告内容；按安装区以统一4 PPU重新布局，可换内容而不改变建筑编号。","","AkibaCommercial","DEC","DEC-SIGN-003 电子卖场广告","招牌本色；外照明强弱来自看板射灯遮罩"
"DEC-SIGN-004","模型兴趣广告","DEC-SIGN","","0","待效果图验收","Thumbnails/DEC-SIGN-004.png","","独立40×32原生像素广告内容；按安装区以统一4 PPU重新布局，可换内容而不改变建筑编号。","","AkibaCommercial","DEC","DEC-SIGN-004 模型兴趣广告","招牌本色；外照明强弱来自看板射灯遮罩"
"DEC-SIGN-005","街区广播广告","DEC-SIGN","","0","待效果图验收","Thumbnails/DEC-SIGN-005.png","","独立40×32原生像素广告内容；按安装区以统一4 PPU重新布局，可换内容而不改变建筑编号。","","AkibaCommercial","DEC","DEC-SIGN-005 街区广播广告","招牌本色；外照明强弱来自看板射灯遮罩"
"DEC-SIGN-006","动画上映海报","DEC-SIGN","","0","待效果图验收","Thumbnails/DEC-SIGN-006.png","","独立40×32原生像素广告内容；按安装区以统一4 PPU重新布局，可换内容而不改变建筑编号。","","AkibaCommercial","DEC","DEC-SIGN-006 动画上映海报","招牌本色；外照明强弱来自看板射灯遮罩"
"COM-MALL-006","错层广告商业综合体","COM-MALL","170","0.9","已入池","Thumbnails/COM-MALL-006.png","OnAir/Assets/Prefabs/Buildings/Commercial/Highrise/COM-MALL-006.prefab","8层蓝灰街楼＋13层浅色广告翼楼＋14层石墨灰后楼；大屏与雨棚保留参考层次。 14层；完整占地36×24.25米；总高46.25米。墙体使用莫兰迪低饱和配色。","",,"COM","COM-MALL-006 错层广告商业综合体","逐片窗玻璃标注；沿用随机亮灯与后半夜熄灯。品牌牌本色发光；动态LED共享DEC-SCREEN-001，12秒广告轮播。"
"COM-MALL-007","白色屋顶广告塔商业楼","COM-MALL","171","0.85","已入池","Thumbnails/COM-MALL-007.png","OnAir/Assets/Prefabs/Buildings/Commercial/Highrise/COM-MALL-007.prefab","从第二组拆出的独立白色楼；11层商业主体上有升至15层的石墨灰媒体塔，横向动态大屏。 15层；完整占地18.75×22.25米；总高49.45米。墙体使用莫兰迪低饱和配色。","",,"COM","COM-MALL-007 白色屋顶广告塔商业楼","逐片窗玻璃标注；沿用随机亮灯与后半夜熄灯。品牌牌本色发光；动态LED共享DEC-SCREEN-001，12秒广告轮播。"
"COM-MALL-008","蓝灰倒角大屏商业楼","COM-MALL","172","0.85","已入池","Thumbnails/COM-MALL-008.png","OnAir/Assets/Prefabs/Buildings/Commercial/Highrise/COM-MALL-008.prefab","从第二组拆出的独立蓝灰楼；街角倒角竖屏完整露出，两个后勤面隔层小窗点缀。 11层；完整占地21×29米；总高36.8米。墙体使用莫兰迪低饱和配色。","",,"COM","COM-MALL-008 蓝灰倒角大屏商业楼","逐片窗玻璃标注；沿用随机亮灯与后半夜熄灯。品牌牌本色发光；动态LED共享DEC-SCREEN-001，12秒广告轮播。"
"COM-OFF-005","棕灰屋顶框架办公塔","COM-OFF","173","0.4","已入池","Thumbnails/COM-OFF-005.png","OnAir/Assets/Prefabs/Buildings/Commercial/Highrise/COM-OFF-005.prefab","从第三组拆出的独立棕灰主塔；四面蓝灰BRI屋顶框架牌，保留开敞顶部与底层雨棚。 16层；完整占地13.75×17.25米；总高58.375米。墙体使用莫兰迪低饱和配色。","",,"COM","COM-OFF-005 棕灰屋顶框架办公塔","逐片窗玻璃标注；沿用随机亮灯与后半夜熄灯。品牌牌本色发光。"
"COM-OFF-007","浅鼠尾草竖牌租户楼","COM-OFF","174","0.9","已入池","Thumbnails/COM-OFF-007.png","OnAir/Assets/Prefabs/Buildings/Commercial/Highrise/COM-OFF-007.prefab","从第三组拆出的独立浅色租户楼；正面竖向目录与右侧NITORI牌，前、右两面临街。 10层；完整占地11×10.25米；总高33.5米。墙体使用莫兰迪低饱和配色。","",,"COM","COM-OFF-007 浅鼠尾草竖牌租户楼","逐片窗玻璃标注；沿用随机亮灯与后半夜熄灯。品牌牌本色发光。"
"COM-OFF-006","暖灰棕横窗带办公楼","COM-OFF","175","1","已入池","Thumbnails/COM-OFF-006.png","OnAir/Assets/Prefabs/Buildings/Commercial/Highrise/COM-OFF-006.prefab","独立暖灰棕11层办公楼；横窗带、屋顶设备和MUJI底层租户牌。 11层；完整占地19×18.25米；总高37.4米。墙体使用莫兰迪低饱和配色。","",,"COM","COM-OFF-006 暖灰棕横窗带办公楼","逐片窗玻璃标注；沿用随机亮灯与后半夜熄灯。品牌牌本色发光。"
"DEC-SCREEN-001","商业LED三主题动画轮播","DEC-SCREEN","","0","已入池","../Reviews/CommercialHighrise/led-day-00.png","","SEGA、CANON、TOWER RECORDS三套文字与底色广告；每套4帧，以2帧/秒播放，每4秒更换广告，总周期12秒。","",,"DEC",,"屏幕本色自发光；动画与随机窗灯分开。"
"PUB-SHR-001","微型社区神社","PUB-SHR","176","0","已入池","../Reviews/CityLife/PUB-SHR-001-day.png","OnAir/Assets/Prefabs/Environment/CityLife/PUB-SHR-001.prefab","6 × 7米；鸟居、小祠、供奉箱和暖色石灯笼；无整块地板，草地与水泥空地均可融入。","",,"PUB","PUB-SHR-001 微型社区神社","四向像素烘焙；石灯笼为独立本色发光，不改变建筑窗户随机逻辑"
"ENV-PARK-001","口袋公园","ENV-PARK","177","0","已入池","../Reviews/LayerHighwayTrial/gravel-park.png","OnAir/Assets/Prefabs/Environment/CityLife/ENV-PARK-001.prefab","道路围合的城市浅绿/深绿地块，按面积生成宽窄不规则碎石步道、少量长椅与公园灯；保留其余树木。","",,"ENV","ENV-PARK-001 口袋公园","公园灯夜间暖色自发光；不使用实时Light，不参与建筑随机熄灯。"
"ENV-PARK-002","社区篮球场","ENV-PARK","178","0","已入池","../Reviews/CityLife/ENV-PARK-002-day.png","OnAir/Assets/Prefabs/Environment/CityLife/ENV-PARK-002.prefab","18 × 30米；蓝灰色场地、加粗白线、双篮架。","",,"ENV","ENV-PARK-002 社区篮球场","四向像素烘焙；石灯笼为独立本色发光，不改变建筑窗户随机逻辑"
"ENV-PARK-003","小型足球练习场","ENV-PARK","179","0","已入池","../Reviews/CityLife/ENV-PARK-003-day.png","OnAir/Assets/Prefabs/Environment/CityLife/ENV-PARK-003.prefab","20 × 30米；草地、中圈、边线和双球门；非大型赛事场地。","",,"ENV","ENV-PARK-003 小型足球练习场","四向像素烘焙；石灯笼为独立本色发光，不改变建筑窗户随机逻辑"
"PUB-SHR-002","木构高台寺院庭院","PUB-SHR","180","0","已入池","../Reviews/CityLife/PUB-SHR-002-day.png","OnAir/Assets/Prefabs/Environment/CityLife/PUB-SHR-002.prefab","24 × 26米；宽曲面屋顶、深檐、木构高台；不规则沙地边缘、独立石砖融入绿地，较低频生成。","",,"PUB","PUB-SHR-002 木构高台寺院庭院","四向像素烘焙；石灯笼为独立本色发光，不改变建筑窗户随机逻辑"
"TRN-VEH-001","低模小汽车","TRN-VEH","","0","已入池","../Reviews/CityLife/TRN-VEH-001-day.png","OnAir/Assets/Scripts/World/CityTraffic.cs","车长2.75米，96辆对象池；浅色莫兰迪50%、深色30%、跳色20%。支持地面及两层高架，靠左行驶、平滑启停与半速转弯。","",,"TRN","TRN-VEH-001 低模小汽车","白色前灯、红色尾灯；白天本色，夜间本色自发光，无实时Light"
